t,E_tot,E_x,E_y,proj_bx
5.00000000e-01,4.30080000e-08,4.30080000e-08,0.00000000e+00,1.22718316e-08
1.00000000e+00,4.30080000e-08,4.30080000e-08,0.00000000e+00,2.45435753e-08
1.50000000e+00,4.30080000e-08,4.30080000e-08,0.00000000e+00,3.68151429e-08
2.00000000e+00,4.30080000e-08,4.30080000e-08,0.00000000e+00,4.90864465e-08
